"id","mum","dad","p","FPID","O_Terr"
335,"1222","1287",1,30,29
436,"500","494",1,16,29
439,"800","42",0.711,14,78
440,NA,"2843",0.712,14,3
441,NA,"2843",0.725,14,3
442,NA,"2764",0.358,14,8
443,NA,"2764",0.362,14,8
444,"464","25",1,16,36
445,"500","494",0.999,16,29
446,"233",NA,0.357,14,79
447,NA,NA,0.513,14,38
448,NA,NA,0.525,14,38
449,"207","65",1,14,40
450,"800",NA,0.532,14,78
451,"799",NA,0.453,14,29
452,"430",NA,0.549,16,47
453,NA,"51",1,14,47
454,NA,"2756",0.404,14,32
455,NA,"215",0.422,14,5
456,NA,"173",0.428,14,54
457,NA,NA,0.257,14,11
458,"171","170",0.544,14,50
459,"207","65",1,14,40
460,"462","77",0.629,16,39
461,NA,"77",0.798,14,39
462,NA,"65",1,14,39
464,NA,"216",0.916,14,36
465,NA,"77",0.794,14,39
466,"213","77",0.454,14,46
467,NA,"176",0.954,14,112
468,NA,"176",1,14,112
469,NA,"176",0.999,14,112
470,"237",NA,0.537,14,26.1
471,"237",NA,0.466,14,26.1
472,"78",NA,0.552,16,44
473,NA,"73",0.572,14,60
474,"168","73",0.577,14,60
475,"168","73",0.552,14,60
476,NA,"77",0.649,14,86
477,NA,"77",0.781,14,86
478,NA,"73",0.511,14,59
479,NA,"73",0.542,14,59
495,NA,NA,0.396,16,3.1
496,NA,"446",0.876,16,3.1
497,"443",NA,0.498,16,8
498,"189",NA,0.418,16,28
499,NA,"21",0.594,16,6
500,"799",NA,0.395,14,29
501,"594","29",1,17,18
502,"297","478",0.997,16,80
503,NA,"54",0.567,16,25
504,"2749",NA,0.563,16,19
505,"2845","75",0.949,16,75
506,"2845","75",0.92,16,75
507,"294",NA,0.334,16,23
508,NA,"331",0.989,16,84
509,"329",NA,0.428,16,80
510,"462","465",0.996,16,39
511,NA,NA,0.494,16,33
512,NA,"216",0.991,16,33
521,"628","498",0.875,17,52
522,NA,"33",0.572,16,58
523,NA,"33",0.377,16,56
524,NA,"33",0.597,16,114
525,NA,NA,0.491,16,67
526,"528","178",1,17,71
527,"64","178",1,17,71
528,"64","178",1,16,71
529,NA,NA,0.47,16,67
530,NA,NA,0.428,16,72
531,NA,"73",0.655,16,81
539,NA,"478",0.985,16,74
540,NA,"446",0.536,16,70
541,NA,"22",0.437,16,31
542,NA,"208",1,16,96
543,NA,NA,0.652,16,92
544,NA,"478",0.756,16,103.1
545,NA,NA,0.543,16,104.1
546,NA,NA,0.588,16,92
547,NA,NA,0.626,16,103
548,NA,NA,0.636,16,93
549,"82","331",0.911,16,88
550,"82","51",0.747,16,88
551,NA,NA,0.374,16,107
552,NA,"478",0.739,16,102
553,NA,NA,0.516,16,89
554,"199","221",1,16,30
555,"79",NA,0.322,16,44
556,NA,"77",0.52,16,106
557,NA,"448",0.883,16,41
558,"430","51",1,16,47
559,NA,"331",0.998,16,108
560,NA,"65",0.739,16,46
561,NA,NA,0.613,16,46
562,"1859","1686",1,16,10
563,"508","602",1,17,84
594,"189","75",0.919,16,28
595,NA,"473",0.56,16,6
596,"297","478",1,16,80
597,NA,"293",0.592,17,78
598,"800",NA,0.398,16,78
599,"297","298",1,16,80
600,"294",NA,0.334,16,23
601,"294","25",0.663,16,23
602,NA,"75",0.998,16,84
603,NA,"51",0.987,16,34
604,NA,NA,0.571,16,34
605,"213","176",0.831,16,112
606,"294",NA,0.33,16,23
607,NA,"176",0.999,16,45
608,"163","448",0.997,16,42
609,NA,NA,0.441,16,31
627,"792","494",0.606,17,51
628,NA,"42",0.327,16,52
629,NA,"298",0.976,16,56
630,NA,"438",0.386,16,53.1
631,"297","298",1,17,80
632,NA,NA,0.327,16,60
633,NA,"73",0.679,16,85
634,NA,"33",0.65,16,114
635,NA,NA,0.465,16,70
636,NA,NA,0.557,16,70
637,NA,NA,0.635,16,72
638,NA,"73",0.673,16,85
639,"543","673",0.967,17,92
640,"447","448",1,16,38
641,NA,NA,0.651,16,72
642,NA,"73",0.647,16,81
663,"213","331",0.942,16,112
664,"464","448",0.984,16,36
665,NA,"178",0.957,16,96
666,NA,NA,0.626,16,92
667,"530","637",1,17,72
668,NA,"544",1,17,103.1
669,NA,NA,0.632,16,104.1
670,"71",NA,0.59,16,101.1
671,"71","208",0.938,16,101.1
672,NA,"478",0.467,16,103.1
673,NA,"208",0.842,16,95.1
674,NA,NA,0.609,16,93
675,"82",NA,0.526,16,88
676,NA,NA,0.571,16,87
677,NA,NA,0.594,16,95.1
678,NA,"208",0.784,16,89
679,NA,"465",0.995,16,86
680,"217","331",0.611,16,78
681,NA,NA,0.461,16,107
774,NA,"525",0.869,17,82
775,NA,NA,0.666,17,82
776,"461","632",0.799,17,60
823,NA,"1686",0.443,17,8
824,NA,"633",1,17,109
825,NA,"1862",0.667,17,24
826,NA,"21",1,17,50
827,"213","176",0.937,17,112
828,"466","51",1,17,46
830,"522",NA,0.6,17,58
831,"461",NA,0.485,17,60
832,NA,NA,0.586,17,56
833,"297","478",0.988,17,80
834,"168","632",1,17,60
835,"451","446",0.617,17,29
836,"171","54",0.497,17,50
837,"500","494",1,17,29
838,"297","478",1,17,80
839,"502","215",1,19,19
840,"428","75",0.88,17,15
841,"454","221",0.999,19,32
842,"794","609",1,17,31
843,NA,NA,0.478,17,82
844,"671","208",0.999,17,101.1
845,"440",NA,0.621,17,3.1
846,NA,"545",0.631,17,104
847,NA,"545",0.766,17,104
848,"464","65",1,17,36
849,NA,"540",0.929,17,73
850,"163","510",0.727,17,42
851,NA,"674",0.606,17,90
852,NA,"559",0.792,17,110
853,"1017",NA,0.487,17,77
854,"561",NA,0.671,17,46
855,"297",NA,0.563,17,80
856,NA,"173",0.414,17,54
857,"531",NA,0.655,17,81
858,NA,NA,0.68,17,62
859,NA,NA,0.589,17,1
860,NA,"494",0.959,17,51.1
861,"505","470",1,19,75
862,"543","545",1,17,92
863,"450","21",0.959,17,78
864,NA,"632",0.756,17,64
865,NA,NA,0.584,17,64
866,NA,"642",0.996,17,64
867,"823","562",0.998,19,8
868,"169","507",0.928,19,22
869,"561","467",1,19,47
870,NA,"851",1,19,90
871,"628",NA,0.586,19,52
872,NA,"453",0.423,17,84.1
873,NA,"676",0.639,17,84.1
874,"596","497",1,19,5
875,"207","65",1,19,40
877,NA,NA,0.37,17,50
878,NA,NA,0.776,17,47.1
879,"447","51",0.999,17,38
880,"443","200",1,19,7
881,NA,"498",0.365,17,54
884,"469","467",0.998,19,45
885,"172","1861",1,19,16
886,"502","215",1,19,19
887,"171","877",1,19,50
888,"441","860",0.996,19,28
889,"442","609",1,19,30
890,"199","609",0.994,19,30
891,"163","510",0.969,19,42
892,"627","549",1,19,106
911,"594","29",1,17,18
912,"64","178",1,17,71
913,"443","200",1,17,7
914,"1859","609",0.868,17,10
915,"444","293",0.998,17,26.1
916,"468","465",0.994,17,112
917,"469","453",0.978,17,45
918,"171","602",0.999,17,50
919,"163","510",0.986,17,42
920,"213","176",0.953,17,112
921,"459","465",1,17,39
922,NA,NA,0.631,17,1
923,"440","44",0.999,17,3.1
924,"792","494",0.999,17,51
925,"598",NA,0.486,17,78
926,NA,"499",0.613,17,2
927,NA,"562",1,17,8
928,"172",NA,0.693,17,15.5
929,"199","609",1,17,30
930,NA,"200",0.634,17,9
931,"454","609",0.999,17,32
932,"308","216",1,17,37
937,"677","673",1,17,95.1
938,"163","510",0.9,17,42
939,"464","603",0.363,17,36
940,NA,"559",0.994,17,104
941,"543","540",1,17,92
942,"663",NA,0.794,17,74.1
943,"464",NA,0.651,19,36
944,"524","856",0.996,19,114
945,"168","831",1,19,60
946,"474","857",0.994,19,60
947,"560",NA,0.737,17,46
948,"500","494",1,19,29
949,"524","856",1,19,114
950,"217","293",1,19,78
951,"457","507",1,19,11
1015,"832","830",0.999,19,56
1016,"823","562",1,21,8
1017,"34",NA,0.333,14,77
1018,"853","1862",1,19,54
1019,NA,"881",0.983,19,58
1020,"441","436",0.999,19,28
1021,"840","75",0.975,19,15
1022,NA,"824",0.649,19,75
1023,"511","51",1,19,34
1024,"454","507",1,19,32
1025,"308","216",1,19,37
1026,"608","510",1,21,42
1027,"459","176",1,19,39
1028,"543","545",0.993,19,92
1029,"217","836",1,21,78
1030,"459","947",1,21,39
1031,"168","605",0.991,21,60
1032,"827","606",1,21,46
1033,"297","1862",1,21,80
1034,"912","922",1,21,1
1035,NA,NA,0.44,19,42
1036,"542","673",1,19,96
1037,"521","881",0.499,19,52
1038,"561","467",1,21,47
1039,NA,"215",0.573,19,21
1040,"1017","507",0.437,19,77
1041,NA,"881",0.892,19,53.1
1042,"1043","559",0.967,21,108
1043,NA,NA,0.616,19,108
1044,"524","634",0.999,21,114
1045,"503","470",1,21,25
1046,"1017","605",0.968,21,77
1047,"521","1037",0.755,21,52
1048,"444","42",1,21,26.1
1049,"500","494",1,21,29
1050,"853","865",1,21,54
1051,"858","857",1,21,62
1052,"794","549",0.911,21,31
1053,"199","609",0.999,21,30
1054,"458","499",1,21,9
1055,"930",NA,0.682,19,9
1056,"641","637",0.999,21,72
1057,"675","549",0.996,21,88
1058,"449","947",0.999,21,41
1059,"872","602",0.86,21,84.1
1060,"675","549",0.947,21,88
1061,"595","215",0.998,21,6
1062,"835","860",0.999,21,51.1
1063,"528","178",0.992,21,71
1130,"163","510",1,21,42
1151,"542","547",1,21,96
1152,"199","609",0.999,22,30.1
1153,"508","467",0.998,21,84
1154,"855","877",0.99,21,63
1155,"508",NA,0.636,21,84
1156,"454","216",0.999,21,32
1157,"454","221",1,21,32
1158,NA,"881",0.981,21,52.1
1159,"297","634",0.997,21,80
1160,"450","629",1,21,57
1161,"308","216",1,21,37
1162,"500","494",1,21,29
1163,"912","922",1,21,1
1164,"502","293",0.999,21,19
1165,"924","220",1,21,20
1166,NA,"605",0.319,21,75
1167,"450","629",1,21,57
1168,"938","550",1,21,95
1169,"558","557",1,21,41
1170,"915","941",1,22,92.1
1171,"542","547",0.999,21,96
1172,"543","540",1,21,92
1173,"677","673",0.997,21,95
1174,"531","776",0.949,21,81
1175,"641","637",1,21,72
1176,"774","633",0.999,21,82
1177,NA,"854",0.642,21,109
1178,NA,NA,0.438,21,48
1179,"297","836",1,22,80
1180,"938","547",0.973,21,95
1181,"1182","851",1,22,90
1182,"461",NA,0.655,21,60
1183,"774","864",1,21,82
1184,"604","1039",0.579,21,33
1185,"862","854",0.993,21,64
1186,"604","603",0.992,21,33
1187,"596","497",1,21,5
1188,"878","879",1,21,47.1
1189,NA,"545",0.692,21,83
1190,"942","331",0.996,21,110
1191,NA,"633",0.918,21,82.1
1192,"508",NA,0.624,21,84
1193,"541",NA,0.626,21,74
1194,NA,"1018",0.999,21,111
1195,NA,"854",0.931,21,63
1196,"522","1015",1,21,58
1197,"675","846",1,21,88
1198,NA,"642",0.977,21,82
1199,"862","854",0.992,21,64
1200,"878","453",0.998,21,47.1
1201,"543","540",0.964,21,92
1202,"469","467",1,21,45
1203,"466","51",0.999,21,35
1204,"876","824",0.487,21,85
1205,NA,"331",0.999,21,82.2
1207,"628","1041",0.921,22,52
1208,"845","941",0.916,22,93
1209,"458","867",1,22,9
1210,"930","867",0.997,22,9
1211,NA,"547",0.918,21,73
1212,NA,"1039",0.47,21,33.1
1213,"455","1212",1,22,33.1
1214,"503","470",1,22,25
1215,"1043","559",0.993,22,108
1216,"308","216",0.999,22,37
1217,"531","849",0.704,21,81
1218,NA,"547",0.998,21,103.1
1219,"458","1039",0.997,21,9
1220,"524","634",1,22,114
1221,"1246","868",1,22,23
1222,"927","501",1,23,1.1
1223,"1043","1276",0.849,23,108
1224,"838","215",0.964,22,18
1225,"635","636",1,21,70
1226,"835","1165",0.999,22,51.1
1227,"880","436",1,23,51
1228,"826","1212",0.983,22,33.1
1229,"500","494",1,23,29
1230,"469","467",0.967,22,45
1231,"915","941",1,22,92.1
1232,"169","890",0.827,22,22
1233,"666","916",1,22,102
1234,"168","854",0.859,22,60
1235,NA,"1039",0.963,21,21
1236,"912","922",1,22,1
1237,"561","51",1,22,47
1238,"479","866",1,22,59
1239,"442","868",0.999,22,30.1
1240,NA,"642",0.958,21,82.3
1241,"641","637",1,22,72
1242,"774","633",0.995,21,82
1243,"862","857",1,21,64
1244,NA,"216",0.621,22,33
1245,"774","857",0.962,23,82
1246,"827","176",0.61,21,46
1247,NA,"922",0.364,21,17
1248,"912","922",1,23,1
1262,"474","884",1,23,60
1267,"297","1862",0.999,23,80
1268,"931","1040",1,23,6
1269,"679",NA,0.355,22,73
1270,"1271","1395",0.999,23,111
1271,"855","854",1,22,63
1272,"855","854",0.997,22,63
1273,"942","864",0.787,21,110
1274,"560",NA,0.686,21,46
1275,"608","510",1,23,42
1276,"1182","851",1,22,90
1277,"949","557",1,23,41
1278,"171","602",1,23,50
1279,"522","1174",1,22,58
1285,"1218","544",0.999,22,103.1
1286,"825","672",1,23,24
1287,"441","1165",1,23,28
1288,"635","636",0.999,23,70
1290,"862","1198",1,23,60.1
1291,"528","178",1,23,71
1292,"1206","1176",0.915,23,74
1293,"522","629",0.993,23,58
1294,"1173","1041",1,23,53.1
1295,"1403","849",1,23,69
1296,"670","1211",1,23,73
1297,"1017","1018",1,23,77
1298,"1049","636",0.999,23,81
1299,"1218","916",0.75,22,103.1
1300,"1299","1028",0.999,23,103.1
1301,"530","637",1,22,72
1302,"641","637",1,23,72
1303,NA,"636",0.898,22,69
1304,"677","1168",0.931,22,95
1305,"1177","854",0.988,23,109
1306,"561","1178",1,23,47
1345,"455","507",0.996,22,33.1
1346,NA,"523",0.392,23,52.1
1347,NA,"860",0.402,22,29
1348,"930","495",1,25,9
1349,"596","200",0.983,25,5
1355,"168","884",1,23,60
1356,"832","1041",1,22,56
1357,"853","865",1,22,54
1358,"1019","494",0.55,23,52.1
1359,"444","1166",1,25,26.1
1360,"630","1041",1,22,53.1
1361,"628","1041",1,25,52
1362,"199","609",1,25,30.1
1363,"1049","776",1,25,81
1364,"1173","1159",0.997,25,53.1
1365,"869","453",0.997,25,46.2
1366,"1158","1041",0.895,25,52.1
1367,"912","922",0.999,25,1
1368,"932","216",1,22,37
1369,"459","947",1,22,39
1370,"308","216",0.993,22,37
1371,"454","216",0.989,23,32
1380,"561","467",1,22,47
1381,NA,"847",0.975,22,94
1382,"679","477",0.914,22,73
1383,"604","1178",0.614,22,33
1384,"1246","609",1,25,23
1385,"604","216",0.998,25,33
1386,"455","176",0.946,22,33.1
1387,"308","1274",1,25,37
1388,"1386","1274",1,25,34
1389,"457","507",0.822,25,11
1390,NA,"1274",0.874,25,11
1391,"596","200",1,22,5
1392,"172","1020",0.771,22,16
1393,"1345","215",1,25,16
1394,"832","1041",1,25,56
1395,"1177","824",0.718,22,109
1396,"469","467",0.597,25,45
1397,"1347","494",1,25,29
1398,"845","674",1,25,93
1399,"845","674",1,25,93
1400,"1401","605",1,25,85
1401,"601","1018",0.997,22,116
1402,"1186","890",1,25,50.1
1403,"531","776",1,22,81
1404,"454","221",1,22,32
1405,"859","929",0.998,23,10
1406,"1403","849",1,25,69
1407,"1026","1032",1,25,43
1408,"1017","1018",1,25,77
1409,"840","597",1,25,15
1410,"502","215",1,25,19
1411,"169","890",0.904,25,22
1412,"457","868",1,25,11
1413,"927","501",1,25,1.1
1414,"447","1203",0.556,25,38
1415,"441","1165",0.926,25,28
1416,"1271","605",1,25,111
1417,"825","672",0.997,25,24
1418,"912","922",1,27,1
1419,"912","922",1,27,1
1420,"1347","494",0.984,27,29
1421,"1345","215",0.999,27,16
1422,"1049","632",1,27,81
1423,"447","1203",1,27,38
1424,"774","1198",1,27,82
1425,"1403","849",1,27,69
1426,"522","1360",1,27,58
1427,"862","917",1,27,60.1
1428,"524","865",1,26,114
1429,"915","847",1,26,92.1
1430,"1172","1171",1,23,94.1
1431,"561","467",1,26,47
1432,"504","44",1,25,3.1
1433,"1222","501",0.756,27,1.1
1434,"880","1047",0.997,27,51
1435,"853","865",1,28,54
1436,"524","865",1,28,114
1437,"1017","1018",0.999,25,77
1438,"1155","1154",1,28,112
1439,"932","1274",1,27,37
1440,"1177","1243",1,28,109
1441,"915","1412",1,28,88
1485,"823","562",1,25,8
1486,"601","506",1,28,116
1487,"914","1040",0.998,28,76
1488,"628",NA,0.614,28,52
1489,"1042","453",1,28,46
1490,NA,"1041",0.883,28,52.2
1491,"308","609",0.599,28,37
1492,"542","544",0.812,27,30.1
1493,"835","1031",1,28,51.1
1494,"845","1276",1,28,93
1495,"1200","1156",1,28,47.1
1496,"1160","1047",1,28,78
1497,"1304","668",1,28,97.1
1498,"666","1028",0.999,28,102
1499,"670","1381",1,28,73
1500,"442","609",1,27,30.1
1501,"826","216",0.98,26,33.1
1502,"1517","1062",1,28,103.1
1503,"1186","1184",1,26,50.1
1504,"1404","507",1,28,32
1505,NA,"911",0.555,28,21
1506,"1200","1156",0.988,28,47.1
1507,"1271","506",0.989,28,111
1508,"168","1045",1,27,60
1509,"925","1287",1,27,2
1510,"1247","1020",0.998,28,17
1511,"840","597",1,27,15
1512,"951","1196",1,28,59.1
1513,"1244","467",0.996,28,50
1514,"1059","494",1,28,18
1515,"444","1166",1,28,26.1
1516,"1437","1279",0.946,28,59
1517,"639","208",0.999,25,101.1
1518,"1401","1185",1,28,85
1519,"912","922",0.826,28,1
1520,"502","1164",0.999,28,19
1521,"826","1213",0.998,28,33.1
1522,"1409","1209",1,28,11
1523,"949","557",1,28,41
1524,"938","1028",1,28,95
1525,"1432","922",1,28,3.1
1526,"504","497",1,28,3.1
1527,"1403","849",0.998,28,69
1528,"1304","668",1,28,97.1
1529,"1403","849",1,28,69
1530,"1410","436",1,28,51
1531,"949","557",1,28,41
1532,"596","911",1,28,5
1533,"677","1028",1,28,95
1534,"853","865",1,25,54
1535,"168","1018",1,28,60
1536,"1017","1018",1,28,77
1537,"825","1286",1,28,24
1538,"459","607",0.903,28,39
1539,"459","176",0.855,28,39
1540,"869","1178",0.994,28,46.2
1541,"459","1290",1,28,39
1542,"1022","1199",0.998,28,75
1543,"199","609",1,27,30.1
1544,"441","1165",0.993,28,28
1545,"1432","1187",0.966,28,3.1
1546,"596","497",1,28,5
1547,"1024","676",1,28,87
1548,"1024","676",1,28,87
1549,"1042","176",1,28,46
1550,"1218","886",1,28,27
1551,"869","1178",0.998,28,46.2
1552,"1369","1032",1,28,43
1553,"604","1274",1,28,33
1554,"932","1274",0.979,28,37
1555,"199","609",1,28,30.1
1556,"1369","1032",1,28,43
1557,"604","921",1,28,33
1558,"466","51",1,28,35
1559,"458","499",1,28,9
1560,"823","499",1,28,8
1561,"1386","216",0.999,28,34
1562,"522","629",1,28,58
1563,"450","634",1,27,57
1564,"297","634",1,28,80
1565,"441","1167",1,28,28
1566,"1160","1179",0.978,28,78
1567,NA,"1164",0.434,27,25
1568,"663","1154",1,28,88.1
1569,NA,"1198",1,26,108
1570,"627","467",0.998,28,88.1
1571,"1042","176",0.992,39,46
1572,"1369","1032",1,39,43
1573,"476","917",0.517,39,68
1574,"308","921",1,39,37
1575,"1186","1188",1,39,50.1
1576,"859","929",1,39,10
1577,"308","1274",1,39,37
1578,"862","917",1,39,60.1
1579,"1170","1063",1,39,64
1580,"1403","525",1,39,69
1581,"1161","525",1,39,67
1582,"1161","849",1,39,67
1583,"951","1196",1,39,59.1
1584,"848","1370",0.999,28,36
1585,"595","495",1,39,6
1586,"503","1214",1,39,25
1587,NA,"1191",0.42,28,96
1588,"1382","847",1,39,94
1589,"1382","847",1,39,94
1590,"826","1274",1,39,33.1
1591,"1059","1020",0.997,39,18
1592,"853","629",0.998,39,54
1593,"1017","1018",0.986,39,77
1594,"1415","1165",1,39,28
1595,"1271","1395",1,39,111
1596,"168","1045",1,39,60
1597,"774","1198",1,39,82
1598,"1195","1279",1,39,63
1599,"1501","890",0.998,39,22
1600,"524","865",1,39,114
1601,"925","1287",1,39,2
1602,"912","1187",0.999,39,1
1603,NA,NA,0.518,39,3.2
1604,"1247","494",1,39,17
1605,"1222","494",1,39,29
1606,"595","495",1,39,6
1607,"1222","494",1,40,29
1608,"1247","494",1,39,17
1609,"1177","1395",1,40,109
1610,"1170","917",1,39,64
1611,"639","1028",1,39,101.1
1612,"949","557",1,39,41
1613,"845","1276",1,40,93
1614,"912","1348",1,40,1
1615,"1130","1356",1,39,55
1616,"1384","1370",1,39,36
1617,"858","1063",1,39,62
1618,"832","1435",0.999,40,56
1619,"1436","1381",1,40,97.1
1620,"823","1268",1,40,8
1621,"1017","1018",1,40,77
1622,"1193","602",0.999,40,48
1623,"840","497",1,40,15
1624,NA,"1495",0.647,40,48
1660,"1605","497",1,41,5
1661,"840","911",0.995,41,15
1662,"1771","1187",1,41,3.1
1663,"1490","1031",1,40,51.1
1664,"1490","1031",1,40,51.1
1665,"1059","494",1,40,18
1666,NA,"1040",0.547,40,28.1
1667,"1218","1542",1,40,27
1668,"826","1213",0.999,41,33.1
1669,"1503","1209",1,40,23
1670,NA,"453",0.575,40,39
1671,"459","1670",1,41,39
1672,"1043",NA,0.635,40,108
1673,"1409","1543",1,40,11
1674,NA,"1209",0.633,40,30.2
1675,"1589","929",1,41,10
1676,NA,"1577",0.678,40,32
1677,"1588","1587",1,40,92.1
1678,"1588","1581",1,41,92.1
1679,"1588","1581",1,41,92.1
1680,"845","1276",1,41,93
1681,"845","1276",1,40,93
1682,"869","1188",1,40,48
1683,"1271","1593",1,40,111
1684,"927","501",1,39,1.1
1685,"1049",NA,0.664,41,81
1695,NA,"1577",0.326,40,32.5
1696,"1384","1557",0.997,41,36
1697,"1384","1370",1,40,36
1698,"1552","1504",1,40,38
1699,"1552","1504",1,40,38
1700,"1508","865",1,40,54
1701,"595","497",0.996,40,6
1702,"1771","911",1,41,3.1
1703,"1244","1213",0.99,41,50
1704,"951","1196",1,41,59.1
1705,"912","1348",1,41,1
1706,"1186","1221",1,40,50.1
1707,"1558","1441",0.708,40,46.5
1708,"1438",NA,0.602,40,66
1709,"1049","1608",1,40,81
1710,"524","1566",1,41,114
1711,"1158","1396",1,40,52.1
1712,NA,"1357",0.999,40,52.1
1713,"1672","1533",1,41,67
1714,"1222","494",1,40,29
1715,"1043","676",1,40,108
1716,"1043","1412",1,41,108
1717,NA,"1360",0.865,40,62
1718,"858","1533",1,40,62
1719,"1247","494",0.999,40,17
1720,"1532","911",1,40,3
1721,"1511","1499",1,40,16
1722,"1401","1185",0.999,40,85
1723,"1550","1040",0.999,41,20
1724,"444","1165",1,40,26.1
1725,"1506","1359",0.992,40,19
1726,NA,"1504",0.967,41,41
1727,"666","1171",1,40,102
1728,"639","1610",1,40,101.1
1729,"604","1221",1,40,33
1730,"1612","1199",0.888,40,102
1731,"1701","1566",1,41,6
1732,NA,"544",1,41,103.1
1733,"840","1187",1,41,15
1734,"1735","1381",1,41,73
1735,"1190","917",0.906,40,82.1
1736,"1218","1542",1,41,26
1737,"1598",NA,0.717,41,82
1738,"862","1579",1,41,60.1
1739,"932","1557",0.999,41,37
1740,"930","1485",1,40,7
1741,"1559","1031",1,41,51.2
1742,"1510","1542",0.999,41,78
1743,"1415","1666",1,41,28.1
1744,NA,"1577",0.998,40,43
1745,"1369","1504",1,40,43
1746,"949","1540",1,41,41
1747,"826","1590",1,41,33.1
1748,"932","921",0.999,41,37
1749,"1674","1029",1,41,30.2
1750,"1362","1187",0.996,41,4
1751,"845","1276",1,40,93
1752,"1200","1553",1,41,34.5
1753,"1244","1188",1,41,50
1754,"1355","1234",1,40,53
1755,"1247","1020",1,41,17
1756,"1244","1178",0.985,40,50
1757,NA,NA,0.459,40,41.1
1758,"1757","1523",1,41,41.1
1759,"522","1360",1,40,58
1760,"1380","602",1,40,84
1761,"1186","921",0.999,41,50.1
1762,"927","501",1,41,1.1
1763,"1152","1349",0.999,41,12
1764,"1222","1684",1,30,29
1765,"628","1358",1,41,52
1766,"1415","1666",0.995,30,28.1
1767,"930","1485",1,41,7
1768,"1361","1590",0.999,30,35
1769,"1024","1412",1,30,87
1770,"1024","1412",0.993,30,87
1771,"925","1020",1,40,2
1772,NA,NA,0.335,30,15
1773,"1186","1184",1,41,50.1
1774,"1501","507",0.998,41,22
1775,"458","499",1,41,9
1776,"1510","1542",0.999,41,78
1777,"1017","1018",1,30,77
1778,"951","1196",1,41,59.1
1779,"1387","1670",1,41,87.1
1780,"1491","1356",1,41,57.1
1781,NA,"1579",0.994,41,117
1782,"1193","1553",0.44,41,48
1783,"1305","1595",1,30,47
1784,"1380","1395",0.989,41,84
1785,"1155","453",1,41,112
1786,"1538","1539",1,41,45
1787,"503","1184",0.931,41,25
1788,"1401","1551",0.995,41,85
1789,NA,NA,0.633,41,101
1790,"1403","1533",1,41,69
1791,"1172","544",1,41,94.1
1793,"1275","1610",1,41,96
1794,"1382","1677",1,41,92
1795,NA,"1165",0.712,41,16
1796,"1437","1196",1,41,59
1797,"1195",NA,0.775,41,63
1798,"1588","1581",1,30,92.1
1799,"869","1188",0.996,41,48
1800,"1193","1495",1,41,48
1801,"845","1276",1,41,93
1802,"524","1578",0.625,41,114
1803,"1580","1040",0.975,41,76
1804,"1532","911",1,30,3
1805,"1193","1590",0.997,30,33.1
1806,"1597","1587",1,30,94
1807,"1271","1593",1,41,111
1808,"1403","849",1,30,69
1819,"1355","1802",0.941,30,53
1820,"1700","1221",1,30,50.1
1821,"1172","1171",1,41,94.1
1822,"938","1381",1,41,95
1823,"1172","1171",1,41,94.1
1824,"1419","1287",0.997,30,16
1825,"1506","1500",1,30,19
1826,"1536","1787",1,30,26.5
1827,"1563","1572",1,41,44
1828,"1508","1754",1,30,54
1829,"1190","1489",1,30,82.1
1830,"1271","1395",1,30,111
1831,"1757","1523",1,30,41.1
1832,NA,"1018",0.377,30,117
1833,"1559","1031",1,30,51.2
1843,"1490","1287",0.985,30,51.1
1844,"1415","1040",0.999,30,28.1
1845,"1685","1608",0.649,30,81
1846,"1244","1213",0.998,30,50
1847,"1763","1287",1,30,2
1848,"1059","1666",0.994,30,18
1849,"601","506",0.999,30,116
1850,"601","506",1,30,116
1851,"1195","1045",1,41,63
1852,"1247","1287",0.527,30,17
1853,"1771","1187",1,30,3.1
1854,"1771","1187",1,30,3.1
1855,"442","1543",1,30,30.1
1856,"1753","1349",1,30,12
1857,"1753","1349",1,30,12
1858,"825","1611",1,30,24
1861,NA,NA,0.616,17,16
1864,"1503","1209",1,30,23
1865,"458","1268",0.956,30,9
1866,"1409","1209",0.999,30,11
1867,"1674","1029",1,30,30.2
1868,"1384","1553",0.999,30,36
1869,"832","1604",1,30,56
1870,"1892","1754",0.928,30,55
1871,"1401","1524",1,30,85
1872,"1612","1199",0.442,30,75
1873,"1550","1724",1,31,20
1874,"1669","1213",1,30,47.1
1876,NA,"1268",0.843,30,5
1877,"1893","1524",0.998,30,64
1878,"862","1524",0.891,40,60.1
1879,"1501","1606",1,30,22
1881,"1155","453",1,30,112
1882,"639","1610",1,30,101.1
1883,"1275","1587",1,30,96
1884,"1580","1512",0.962,30,76
1885,"1024","1412",1,30,87
1886,"1517","544",0.948,41,103.1
1887,"1429","1759",1,30,92
1888,"2987","1676",0.863,30,37
1889,"1170","1609",0.997,30,64
1890,"1735","1381",1,30,73
1891,"1541","509",1,41,87
1892,"832","1534",1,40,56
1893,"1403","849",0.964,40,69
1894,"503","1214",1,41,25
1895,"912","1348",1,30,1
1896,"1305","1595",1,30,47
1897,"927","501",0.998,30,1.1
2959,"919","510",1,30,86
2960,"1369","1744",0.999,30,43
2962,"1763","1287",1,32,2
2963,"1672","1533",1,31,67
2964,"1559","1435",0.998,41,51.2
2965,"1559","1031",1,31,51.2
2966,"1605","497",0.979,31,5
2967,"1800","1572",0.999,31,39
2968,"459","176",1,30,39
2969,"1781","1395",1,31,117
2970,"1437","634",1,30,59
2971,"1612","1199",1,31,75
2972,"1042","176",0.999,30,46
2973,NA,"544",0.991,31,103.1
2974,"1024","1412",1,31,87
2975,"1532","911",0.964,31,3
2976,"1380",NA,0.724,30,84
2977,"1717","1196",0.999,31,62
2978,"1892","1356",1,30,55
2979,"1674","1543",1,31,30.2
2980,"1758","1695",0.846,31,32.5
2981,"1888","1695",0.909,31,37
2982,"1491","1604",0.997,30,57.1
2983,"1672","1533",1,30,67
2984,"1589","929",1,30,10
2985,"1765","921",1,31,33
2986,"869","453",0.984,31,48
2987,"308","1368",0.98,41,37
2988,"930","1485",1,31,7
2989,NA,"1767",0.983,31,21
2990,"1042","453",0.999,32,46
2991,"832","1435",1,31,56
3000,"1735","1381",1,32,73
3001,"1725","1610",0.968,32,101.1
3002,"1782","1495",0.997,30,49
3003,"1247","1795",0.987,32,17
3004,"1193","1590",1,32,33.1
3005,"1437","1579",0.962,34,59
3006,"1170","1871",1,34,64
3008,"1605","2966",0.816,34,5
3009,"1705","1750",1,34,1
3010,"1740","1729",1,34,15
3011,"1401","1788",1,34,85
3012,"1247","1287",1,34,17
3013,"595","1499",1,34,6
3014,"503","1214",1,34,25
3015,"1510","1723",0.999,34,18
3016,"1589","1029",0.999,34,10
3017,"1415","1018",0.954,34,28.1
3018,"1854","1029",1,34,30.2
3019,"1042","453",0.907,34,46
3020,"1772","1729",1,34,15
3021,"1558","1699",1,34,46.5
3022,"1760","2972",1,31,83
3023,"1605","1485",0.999,34,5
3024,"1791","1509",1,34,4
3085,"1763","1287",1,34,2
3086,"1536","1787",0.764,34,26.5
3087,"1753","1775",1,34,11
3088,"1429","1886",1,35,92
3089,"1617","1610",0.999,35,94.2
3090,"1362","1509",1,32,4
3091,"1665","1623",1,35,79
3092,"1892","1356",0.999,35,55
3093,"1852","1358",1,35,52
3094,"1891","1523",1,34,87.1
3095,"3022","1492",1,34,110
3444,"1764","1711",1,35,29
3445,"1605","497",1,37,5
3446,NA,"1702",0.329,37,29
3447,"1501","1773",1,37,22
3448,"2984","501",1,37,1.1
3449,"1614","1767",1,37,6.5
3450,"1506","1720",1,37,19
3451,"2987","1739",0.994,37,37
3452,"1361","1553",1,37,35
3453,"1563","510",1,34,40
3454,"2978","1196",0.999,34,58
3455,"1697","1796",1,37,62.1
3456,"1580","1512",0.998,34,76
3457,"1717","1797",0.996,37,62
3458,NA,"1610",0.969,35,103.1
3459,"1275","1610",1,37,96
3460,"1725","1587",0.999,37,101.1
3461,"1403","1533",1,37,69
3462,"1403","1533",1,37,69
3463,"1778","1607",0.999,34,8
3464,"1778","1607",1,34,8
3486,"1705","1187",1,37,1
3487,"1043","1412",1,30,108
3488,"1024","1412",1,35,87
3489,"1503","1606",1,35,23
3490,"1501","1773",1,35,22
3491,"1605","497",1,37,5
3492,"1532","911",0.921,35,3
3497,"1705","1750",1,37,1
3498,"2985","1752",1,37,33
3499,"1716","2976",1,37,116
3500,"2987","1739",1,37,37
3501,"1437","1623",1,37,59
3502,"1895","1754",1,37,54
3503,"1536","1787",1,37,26.5
3504,"930","1485",1,37,7
3505,"1580","1040",0.998,37,76
3506,"1559","1165",1,37,17
3507,"1760","2972",1,34,83
3508,"1597","1794",0.998,34,92.1
3509,"3508","1171",1,37,94
3510,"1415","1566",0.998,37,28.1
3511,"1195","1579",1,37,63
3512,"1042","1590",1,37,46
3513,"1042","453",0.827,37,46
3514,"1821","1504",0.993,37,38
3515,"1369","1744",0.999,37,43
3516,"1790","1731",1,37,78
3517,"1828","1848",1,37,20
3518,NA,"1773",0.59,37,22
3519,NA,"1773",1,37,21
3520,"1388","1611",1,37,24
3521,"1415","1040",0.997,37,28.1
3564,"1685","1608",0.989,37,81
3565,"1782","1881",1,37,49
3566,"1491","1356",1,37,57.1
3567,"1757","1523",1,35,41.1
3568,"1782","1881",0.999,37,49
3569,"1763","1287",0.56,37,2
3570,"1779","1796",1,37,59.1
3571,"2975","1611",1,37,24
3572,"1506","1720",1,37,19
3573,"2975","1611",1,37,24
3574,"3090","1381",1,37,73
3575,"1824","1795",1,37,16
3576,"1864","1848",0.999,37,26
3577,"3022","1489",0.953,37,110
3578,"1685","1608",1,37,81
3579,"1536","1512",0.999,37,26.5
3580,"1854","1029",1,37,30.2
3581,"1200","1553",1,37,34.5
3590,"2963","1796",0.992,37,58
3591,"1532","911",0.984,37,3
3592,"2963","1533",1,37,58
3593,"1893","1871",0.963,37,64
3594,"1740","1187",1,37,3.1
3595,"1893","1871",0.98,37,64
3596,"1401","1877",1,37,85
3597,"1170","1579",0.999,37,64
3598,"1438","1708",1,37,66
3599,"1697","1196",0.941,37,62.1
3600,"1760","1829",1,37,83
3601,"1772","1729",0.974,37,15
3602,"1193","1590",1,37,33.1
3603,"1559","2960",1,37,17
3604,"1725","1587",1,37,101.1
3605,"1195","1871",0.995,37,63
3606,"3003","1710",1,37,122
3607,"2984","2960",1,37,1.1
3608,"1705","1750",1,37,1
3611,"3508","1171",1,37,94
3612,"3009","1742",1,37,50
3613,"3508","1171",1,37,94
3614,"1757","1831",1,37,41.1
3615,"1857","1606",1,37,22
3616,"1763","1287",0.998,54,2
3617,"1827","1783",1,37,44
3618,"1369","1744",1,35,43
3619,"1429","1886",1,37,92
3641,"919","1616",1,37,86
3642,"1891","510",1,37,87.1
3643,"1665","1623",1,37,79
3644,"1580","1766",1,37,76
3645,"1576","1512",1,37,77.1
3646,"1790","2964",1,37,78
3647,"2989","1731",1,37,51.2
3648,"1851","1199",1,37,75
3649,"1821","1504",1,37,38
3650,"1781","1512",0.982,37,117
3651,"1678","1412",0.992,37,88
3652,"1024","1616",1,37,87
3653,"1891","1523",0.988,37,87.1
3688,"1791","1509",1,37,4
3689,"1605","911",0.999,37,5
3690,"1589","929",0.989,37,10
3691,"1043","1412",1,37,108
3692,"1672","1533",1,37,67
3694,NA,"1395",0.903,35,84
3695,"1437","1623",1,37,59
3696,NA,NA,0.38,35,42
3697,"1753","1606",1,37,11
3698,"3003","1566",1,35,17
3699,"2968","1769",1,37,39
3700,"1678","1412",1,37,88
3701,"1043","1682",1,37,108
3702,"1716","1877",1,54,116
3741,NA,"501",0.478,21,1
3742,NA,"929",0.52,22,10
3745,"1218","544",0.979,22,103.1
3754,"840","495",0.999,22,15
3758,"925","922",0.984,22,2
3761,"1235","1039",1,22,21
3766,"500","494",1,22,29
3785,"827","176",0.905,22,46
3793,"1173","1041",1,22,53.1
3794,"853","634",0.891,22,54
3810,"530","637",0.997,22,72
3829,"675","846",1,22,88
3831,"1182","846",0.993,22,90
3840,"912","922",0.544,25,1
3844,"639","1028",0.68,25,101.1
3849,"1043","1276",1,25,108
3863,"925","837",1,23,2
3866,"925","837",1,25,2
3871,"169","890",0.779,25,22
3877,"524","1199",0.439,25,114
3931,"524","629",0.98,25,114
3944,"1190","1191",0.856,25,82.1
3946,"774","1198",0.999,25,82
3964,"1418","922",0.644,28,1
3976,"840","597",1,28,15
3986,"924","220",1,28,20
3987,"1246","609",1,28,23
3994,"1218","1199",0.533,28,27
4017,"447","176",0.999,28,38
4042,"522","1360",1,28,58
4057,"833","497",1,28,7
4064,NA,NA,0.317,28,8
4086,"938","1028",0.999,28,95
4194,"869","1495",1,30,48
4235,NA,"1794",1,30,94
4255,"454","44",0.572,19,32
4256,"878",NA,0.592,19,47.1
4257,"641",NA,0.645,21,72
4258,"825","602",0.506,21,24
4259,NA,"25",0.296,21,36
4260,"64","637",0.996,21,71
4261,NA,"1028",0.722,21,92
4262,"1043","1306",0.998,26,108
4266,"912","1750",1,34,1
4802,"1155","1808",1,54,112
4803,"1042","453",0.845,54,46
4804,"3487","1543",1,37,30.1
4805,"3487","1543",1,37,30.1
4829,"912","1750",1,75,1
4854,"1740","1187",1,75,3.1
4855,"1605","497",1,75,5
4860,"1821","1504",1,75,38
4861,"2989","1710",1,75,51.2
4862,"1717","1797",0.998,54,62
4863,"1429","1886",1,75,92
4866,"3002","1581",1,54,92.1
4867,"1798","2974",0.938,75,121
4868,"1559","1711",1,75,17
4870,"1536","1199",0.999,75,26.5
4871,"1805","1774",1,75,50.1
4872,"3698","1489",1,75,82.1
4873,"1510","1165",1,54,18
4874,"1763","2980",1,75,2
4875,"1857","1606",1,75,22
4876,"1415","1040",0.998,75,28.1
4877,"1503","1606",1,75,23
4878,NA,"1579",0.386,75,78
4879,"3003","1710",1,75,122
4880,"1042","453",0.994,75,46
4881,"1707","1604",0.999,54,52.1
4882,"3086","1702",1,75,2
4883,"1697","1722",1,75,62.1
4884,"1697","1722",1,75,62.1
4885,"1772","1729",1,75,15
4886,"2963","1709",0.998,75,58
4887,"1790","1731",0.674,75,78
4888,"1895","1754",1,75,54
4889,"1740","1187",1,75,3.1
4890,"1510","2966",1,75,18
4891,"1852","3093",1,75,52
4892,"3505","1774",0.999,75,50.1
4893,"845","1276",1,75,93
4894,"1244","2990",0.993,75,50
4895,"1419","1795",1,75,16
4896,"1779","1796",1,75,59.1
4897,"1824","1729",1,75,16
4898,"869","453",0.996,75,48
4899,"1782","453",0.996,75,49
4900,"1538","1808",0.999,75,45
4901,"1024","1616",1,75,87
4902,"1506","1767",1,75,19
4903,"1506","1499",1,75,19
4904,"1854","1029",0.992,75,30.2
4905,"1821","1504",0.998,75,38
4906,"1193","1881",0.555,75,33.1
4907,"3507","1587",1,75,96
4908,"1170","1524",1,75,64
4910,"3517","1593",1,75,111
4911,"3517","1593",1,75,111
4912,"2963","1196",1,75,58
4913,"2978","1722",1,75,58
4914,"1580","1542",1,75,76
4915,"2963","1196",0.996,75,58
4916,"1580","1542",0.999,75,76
4917,"1826","1499",0.997,75,6
4918,NA,"1579",1,75,117
4919,"1043","1682",1,75,108
4933,"3453","1699",1,75,43
4934,"3453","1699",1,75,43
4935,"1672","1797",0.999,75,67
4936,"1827","1783",1,75,44
4937,"1827","1744",0.999,75,44
4938,"1791","1509",1,75,4
4939,"1532","911",0.966,75,3
4940,"1501","3489",0.995,75,22
4941,"1415","1040",0.987,75,28.1
4942,"1753","1775",1,75,11
4943,"3490","3087",1,75,21
4944,"1872","1777",0.93,75,114
4945,"1803","1802",0.998,75,53
4946,NA,"1018",0.711,75,76
4947,NA,"1777",0.699,75,77
4948,"1437","1797",1,75,59
4949,"1491","1356",1,75,57.1
4950,"1491","1604",1,75,57.1
4951,"3567","1604",1,75,56
4952,"1437","1722",1,75,59
4953,"1789","1610",0.995,75,101
4954,"1672","1533",1,75,67
4955,"1598","3000",0.998,75,65
4956,"1685","1608",1,75,81
4957,"2982","1610",1,75,120
4958,"1172","1171",1,77,94.1
4959,"1893","1788",1,75,64
4960,"2968","1769",0.998,75,39
4961,"1361","1698",1,75,35
4962,"1760","1829",0.992,75,83
4963,"2968","1769",1,75,39
4964,"2959","1831",1,75,41
4965,"3094","1739",0.999,75,37
4966,"1559","1702",1,75,17
4967,"1501","3489",1,77,22
4968,"1503","1611",1,77,23
4969,"3500","2988",1,77,9
4970,"3487","1543",0.983,77,30.1
4971,"1669","1897",1,77,47.1
4972,"1155","1808",1,75,112
4973,"2968","1553",0.918,77,39
4974,"2968","1769",1,77,39
4999,"1757","1523",1,77,41.1
5000,"3002","1581",1,75,92.1
5008,"1803","1566",1,77,53
5009,"1778","1485",1,75,8
5071,"1532","1804",0.872,82,3
5072,"2985","1752",1,82,33
5073,"3446","4873",1,77,20
5074,"1765","3464",1,82,33
5075,"1305","453",1,77,47
5076,"1800","1769",1,82,39
5077,"3505","1742",0.995,82,50.1
5078,"1614","1767",1,77,6.5
5079,"1716","1579",1,75,116
5080,"2963","1796",0.936,82,58
5099,"1753","1775",1,77,11
5116,"563","1587",1,77,104
5117,"3002","1581",1,82,92.1
5118,"1717","1797",0.996,77,62
5119,"1580","1512",1,82,76
5120,"3569","3456",1,82,126
5121,"3698","1489",0.995,82,82.1
5122,"1043","1412",0.995,82,108
5123,"1042","1577",0.998,82,46
5125,"2985","1752",1,82,33
5126,"2985","1752",1,82,33
5127,"1826","1499",1,82,6
5128,"1789","1801",0.982,82,101
5129,"1789","1869",0.998,82,101
5130,"3090","3458",1,82,73
5131,"1193","2990",1,82,33.1
5132,"3698","3457",1,77,82.1
5133,NA,"1796",0.533,77,62.1
5134,"3085","1729",0.992,82,15
5135,"2963","1533",1,82,58
5136,"2963","1533",0.998,82,58
5137,"1776","2991",1,82,52.1
5138,"1532","911",1,82,3
5139,"3446","1787",1,82,20
5140,"1854","1029",1,82,30.2
5141,"3487","1543",0.826,82,30.1
5142,"3449","2962",1,82,19
5144,"3608","1553",1,82,34.5
5145,"1716","1774",0.981,82,116
5146,"3567","1604",0.998,82,56
5147,"3497","1611",1,82,24
5148,"1172","1171",1,82,94.1
5149,"1757","3617",1,82,41.1
5150,"1491","1604",0.999,82,57.1
5151,"1438","1708",0.999,82,66
5152,"1438","1708",1,82,66
5153,"4907","1171",0.627,82,96
5154,"3507","4953",0.999,82,96
5155,"1361","1698",1,82,35
5156,"1401","1788",0.999,82,85
5157,"1170","1877",0.995,82,64
5159,"1763","1702",1,82,2
5160,"1790","1731",1,82,78
5161,"1872","1777",0.996,82,114
5162,NA,"4918",0.996,77,117
5163,"1536","1787",0.995,82,26.5
5164,"1401","1877",0.999,82,85
5165,"1589","1762",0.889,82,10
5166,"930","3519",1,82,7
5167,"1605","497",1,82,5
5168,"3500","2988",0.918,82,9
5169,"3094","1739",0.999,82,37
5170,"2981","1868",1,82,32
5171,"1678","1412",1,82,88
5172,"3022","3696",1,82,42
5173,"845","3696",0.975,82,93
5174,"3650",NA,0.438,82,103.1
5175,"2978","1196",1,85,58
5194,"1419","1795",0.837,85,16
5195,"1740","1750",1,85,3.1
5196,"1605","1499",0.998,87,5
5197,"3085","1729",1,87,15
5198,"3462","3093",1,87,29
5199,"1763","1702",1,85,2
5204,"3569","3456",1,87,126
5205,"3604","1533",1,87,67
5209,"3616","3456",0.898,87,126
5210,"2989","1710",0.997,87,51.2
5212,"1895","1754",1,87,54
5213,"1491","1604",1,85,57.1
5215,"1865","1802",0.991,85,77
5216,"3595","3457",1,85,60.1
5217,"3596","1579",0.996,87,85
5220,"3517","1579",1,85,111
5224,"4878","1742",1,87,50
5225,"1438","1708",0.956,87,66
5226,"3574","4866",1,87,93
5235,"1669","1742",0.997,87,47.1
5236,"2985","1752",1,87,33
5237,"4896","2990",0.91,87,33.1
5240,"3699","1808",1,85,112
5241,"5162","1871",0.999,87,117
5242,"3698","1877",1,87,82.1
5247,"3608","1553",1,87,34.5
5248,"5162","1579",1,85,117
5249,"1782","1881",1,85,49
5254,"1678","1412",1,87,88
5256,"1195","1871",1,85,63
5260,"3491","1523",1,85,86
5261,"3641","3515",0.977,87,86
5262,"1821","1504",1,85,38
5263,"1824","3612",0.923,85,16
5265,"1790","1731",1,87,78
5266,"1170","1877",0.998,85,64
5267,"3518","3454",1,85,69
5268,"1438","1708",1,85,66
5269,"3451","1801",1,87,94
5271,"1614","4902",1,87,6.5
5272,"2968","1577",0.962,87,39
5273,"1536","4967",1,87,26.5
5275,"1803","1356",1,87,53
5276,"2963","1722",0.999,87,58
5277,"4965","1616",1,87,87
5278,"1558","1744",1,90,46.5
5279,"1361","1698",1,87,35
5280,"3505","3005",0.999,90,50.1
5281,"3451","1801",1,90,94
5282,"930","3519",1,87,7
5283,"1717","1533",1,90,62
5284,"3094","1739",0.996,90,37
5285,"3606","1394",1,87,68
5286,"1532","911",1,90,3
5287,"1491","1604",0.999,90,57.1
5288,"3606","1869",0.926,90,68
5289,"1791","1729",1,90,4
5290,"5079","1867",1,87,45
5291,"1043","3696",1,87,108
5292,"3022","1682",1,90,42
5293,"3022","3696",0.938,90,42
5294,"1757","1523",1,90,41.1
5312,"1854","1029",1,92,30.2
5313,"4964","1762",1,92,8
5314,"1821","1504",1,90,38
5315,"3449","4897",1,90,19
5316,"1824","4967",1,90,26.5
5317,"4973","1868",1,92,32.5
5318,"4878","5165",0.749,87,50
5319,"4868","1886",1,90,92
5320,"5263","1795",0.835,87,30.2
5321,"3453","1744",1,90,43
5322,"3453","1744",0.964,87,43
5323,"3002","1581",1,90,92.1
5324,"3002","1581",1,90,92.1
5325,"5075","5000",1,90,102
5326,"4935","3486",1,90,65
5327,"3086","4829",1,90,2
5332,"1605","5071",0.787,90,5
5333,"1857","3618",1,92,22
5334,"3596","1722",0.772,90,85
5335,"4896","2990",1,90,33.1
5336,"1042","1577",1,92,46
5337,"4936","1710",1,92,131
5338,"1798","2974",1,90,121
5339,"1826","1499",1,92,6
5340,"3491","5169",1,92,86
5341,"1854","1029",1,90,30.2
5342,"2989","4887",1,92,51.2
5343,"3086","1729",1,92,2
5418,"4871","4860",1,92,129
5447,"2989","1731",1,92,51.2
5448,"1753","4860",1,92,11
5449,"3604","1533",1,90,67
5450,"3490","3615",1,92,21
5451,NA,"5118",0.303,92,101
5452,"3695","1869",1,92,101
5453,"1763","1729",1,92,2
5454,"3462","3093",1,92,29
5455,"1765","1752",1,92,33
5456,"4958","4888",1,92,52.1
5457,"4883","3458",1,92,120
5458,"3574","4866",1,92,93
5459,"3606","1494",1,92,68
5460,"4871","4860",1,92,129
5461,"1438","1708",1,92,66
5462,"1532","911",1,92,3
5463,"3002","1886",1,92,92.1
5464,"4935","3486",1,92,65
5465,"3444","4887",1,92,78
5466,"3002","1886",0.999,92,92.1
5473,"2963","1196",1,85,58
5497,"1438","1708",1,92,66
5498,"4868","1886",0.997,92,92
5499,"3451","1801",1,103,94
5507,"3094","1553",0.999,92,37
5508,"4896","2990",1,92,33.1
5509,"5123","1577",0.859,103,46
5510,"3490","3087",1,92,21
5511,"4863","1762",0.996,103,10
5512,"3500","1762",0.996,103,9
5513,"4973","2990",0.985,92,32.5
5514,"5320","1029",1,92,30.2
5515,"2985","1897",1,92,33
5516,"1864","1542",1,92,26
5517,"5267","4829",1,92,1.1
5518,"3590","1750",1,92,127
5519,"5147","5159",1,92,134
5520,"5155","5159",0.74,92,3.1
5521,"4964","1607",1,92,8
5522,"1757","1616",1,92,41.1
5523,"1757","1616",1,92,41.1
5524,"3608","1553",1,92,34.5
5525,"5163","5072",1,92,23
5526,"4941","3615",0.999,92,25
5527,"4936","1710",0.999,103,131
5528,"4960","4872",1,92,64
5529,"3698","4872",0.758,92,82.1
5530,"3594","5197",1,92,123
5531,"4965","1616",1,92,87
5532,"4965","1616",1,92,87
5533,"1361","1698",1,103,35
5534,"2963","3089",1,103,58
5535,"2968","5240",1,92,39
5536,"1763","3093",0.984,103,2
5537,"1669","1881",0.987,92,47.1
5538,"3567","1604",0.999,103,56
5539,"4961","5167",0.999,103,133
5540,"4965","1616",1,104,87
5541,"1854","1543",1,103,30.2
5542,"3569","2966",0.982,104,126
5543,"4917","4860",1,104,50
5544,"3497","1611",1,104,24
5545,"2989","1710",1,104,51.2
5546,"4936","1731",1,104,131
5547,"5217","1869",0.992,104,103.1
5548,"3444","1731",0.999,104,78
5549,"5123","4934",1,103,46
5550,"4896","1881",0.999,104,33.1
5551,"3567","1604",1,104,56
5552,"4883","1801",1,104,120
5553,"4863","1762",1,104,10
5554,"5268","2991",1,104,122
5555,"4935","3454",1,104,65
5556,"5160","4854",1,104,1
5557,"3462","3093",1,104,29
5558,"5217","1494",1,104,103.1
5559,"1716","1877",0.999,103,116
5560,"3698","1489",1,104,82.1
5561,"3517","5333",1,104,111
5562,"1605","4939",0.999,103,5
5563,"3604","5118",0.947,104,67
5564,"5224","1881",0.998,104,49
5565,"2985","5072",0.999,104,33
5566,"1617","2974",1,104,94.2
5567,"3604","3454",0.999,104,67
5571,"5242","1489",0.998,104,82.1
5572,"3451","1801",1,104,94
5573,"5168","1031",1,103,51.1
5574,"5324","1494",1,104,101
5575,"5168","1731",1,104,51.1
5581,"1491","5285",1,104,57.1
5582,"3516","2991",1,104,53
5583,NA,"1869",0.54,104,73
5584,"3086","5204",1,104,2
5585,"5164","2966",1,105,18
5586,"1803","1802",1,104,53
5587,"3518","3454",1,104,69
5588,"4964","911",0.997,104,8
5589,"3085","1729",1,104,15
5590,"5517","3093",0.817,105,1.1
5591,"5163","5072",1,104,23
5592,"1605","3519",0.987,104,5
5593,"5217","1494",1,104,103.1
5594,"3606","3458",1,105,68
5595,"1707","1604",1,105,131
5596,"3596","5292",0.941,104,85
5597,"1716","1877",1,104,116
5598,"1826","1499",1,104,6
5599,"4973","1868",0.994,105,32.5
5600,"3451","1801",1,105,94
5601,"2985","5072",0.999,105,33
5602,"1803","1542",0.997,104,53
5603,"1605","1750",1,105,5
5604,"5284","1762",1,104,9
5605,"3002","5269",1,104,92.1
5606,"5324","3458",1,104,101
5607,"1580","1542",1,104,76
5608,"4958","4888",1,104,52.1
5609,NA,"5071",0.64,104,50.1
5610,"2968","1577",0.996,104,39
5611,"4973","1868",0.999,104,32.5
5612,"1827","1744",1,104,44
5613,"3518","3486",1,104,69
5614,"3094","5170",1,104,37
5615,"3490","3087",1,105,21
5616,"3596","1877",0.98,104,85
5617,"1824","5220",1,105,26.5
5618,"1438","1708",1,105,66
5619,"3085","1729",1,105,15
5620,"1660","2966",0.716,104,5
5621,NA,"2966",0.545,104,8
5622,"4965","1616",0.984,105,87
5623,"3604","1533",1,105,67
5624,"5533","5167",1,105,133
5625,"5531","4957",1,104,108
5626,"3595","5249",1,104,60.1
5627,"3462","2966",1,105,29
5628,"2968","5240",0.999,105,39
5629,"1707","1710",1,105,131
5630,"5319","1881",0.999,105,48
5631,"5163","5072",1,104,23
5632,"5173","5291",0.887,105,88
5633,"3022","3696",1,104,42
5634,"3022","1616",1,104,42
5635,"1826","911",0.985,104,6
5636,"5336","5290",1,104,45
5637,"5324","1494",1,105,101
5638,"1617","1801",0.998,105,94.2
5639,"5242","1489",1,105,82.1
5640,"3453","1744",1,104,43
5641,"3517","5077",1,105,111
5642,"1852","3456",1,104,20
5643,"5277","5240",0.999,104,87.1
5644,"5277","4933",1,105,87.1
5645,"5163","5072",1,105,23
5646,"5323","1616",1,105,87
5647,"3451","1801",1,105,94
5648,"5277","4933",1,105,87.1
5649,"3451","5254",1,105,94
5650,"5132","2974",0.997,105,104
5651,"4965","5290",1,105,87
5652,"5075","5000",1,104,102
5653,"3462","2966",1,105,29
5654,"1605","5167",1,105,5
5655,"5119","5235",0.998,104,30.1
5656,"3606","1869",0.999,105,68
5657,"3567","5285",0.999,105,56
5658,"4999","5072",1,105,32
5678,"4958","4888",1,104,52.1
5679,NA,"4890",0.426,104,26.5
5680,"5517","3093",1,105,1.1
5681,"5598","5249",1,105,77
5682,"5320","1762",1,105,10
5683,"5162","5077",1,104,117
5684,"5267","2960",0.999,105,1.1
5685,"5284","5539",0.997,105,9
5686,"5217","5000",1,105,103.1
5687,"5457","5285",1,105,57.1
5747,"5164","2966",1,105,18
5748,"3608","5237",0.999,105,34.5
5749,"4971","4902",1,105,6.5
5750,"1826","3456",1,105,6
5751,"1580","3643",1,105,76
5752,"5282","5462",1,105,7
5753,"5516","1731",1,105,78
5754,"5128","5118",0.999,105,73
5755,"4965","1616",0.884,105,87
5756,"5562","2991",1,105,122
5757,"5532","5515",1,105,38.1
5758,"1864","5275",0.995,105,26
5759,"3574","4866",1,105,93
5760,"2978","3089",1,104,58
5761,"5195","1881",0.821,105,47
5762,"3022",NA,0.459,105,42
5763,"5573",NA,0.485,105,51.2
5764,"5452","5334",1,105,50.1
5765,"5319","5335",1,105,48
5766,"5337","5508",0.998,105,47.1
5767,"5524","4860",1,112,129
5768,"4917","5144",1,105,50
5769,"5450","5614",1,105,35
5770,"5525","5526",0.511,112,33
5771,"4999","5513",0.997,112,32
5772,"1415","4890",0.864,105,28.1
5773,"5511","2974",0.999,105,121
5774,"1763","3456",1,105,2
5775,"1716","5334",1,105,116
5776,"5132","5121",0.999,105,104
5777,"3517","5333",0.999,112,111
5778,"3517","5333",0.996,112,111
5779,"5514","5321",1,105,41
5780,"3490","3087",1,112,21
5781,NA,"5586",0.602,105,53.1
5782,"5162","5077",1,105,117
5783,"4965","1616",1,105,87
5784,"5341","5522",1,105,86
5785,"3453","5523",1,112,43
5786,"1763","2966",1,105,2
5787,"5616","1499",0.981,112,126
5820,"4904","5447",1,112,59.1
5821,"3596","5249",0.999,112,85
5822,"5604","1729",1,116,8
5823,"5163","5072",0.967,112,23
5824,"5573","5554",0.999,112,51.2
5825,"5517","3093",1,112,1.1
5826,"3491","1616",1,105,45
5827,"5267","4854",0.967,112,1.1
5828,"3002","1801",1,105,92.1
5829,"3085","3456",1,112,15
5830,"5195","5591",1,105,47
5831,"3086","1499",0.653,112,2
5832,"1707","1731",0.999,112,131
5833,"3490","3087",1,105,21
5834,"5267","3093",1,112,1.1
5835,"5164","2966",1,105,18
5836,NA,"5453",0.84,105,123
5837,"5284","5539",1,105,9
5838,"5128","5583",1,112,73
5839,"1824","5679",1,116,26.5
5840,"3698","1489",1,116,82.1
5841,"1826","1499",0.757,112,6
5842,"3595","1877",0.999,112,60.1
5843,"5125","5508",1,112,33
5844,"5683","4854",1,112,127
5845,NA,NA,0.436,105,63
5846,"3491","5290",1,116,45
5847,"5598","5249",1,105,77
5848,"5195","1881",1,116,47
5849,"5123","1577",1,112,46
5850,"3596","5249",1,112,85
5851,"5518","5456",1,116,92
5852,"1580","3643",1,116,76
5853,"4958","1710",0.995,116,52.1
5854,"5549","5522",0.997,116,130
5855,"5549","5522",1,116,130
5901,"3453",NA,0.667,116,43
5902,"5212","5559",1,116,77.1
5903,"1716","4872",0.915,116,116
5904,"5277","5776",1,116,87.1
5905,"5465","5235",1,116,30.2
5906,"4885","5338",1,116,101.1
5907,"5589","5275",0.978,118,53.1
5908,"5634","5291",1,118,108
5909,"1707","1710",1,116,131
6009,"4958","5626",1,118,52.1
6010,"3094","4972",0.826,116,37
6011,"5621","1607",1,116,8
6012,"5845","5249",0.999,116,63
6013,"5324","1869",0.916,116,101
6014,"4803","1829",1,116,83
6015,"5685","5285",1,116,57.1
6016,"5683","1750",1,116,127
6017,"5549","5612",0.999,116,130
6018,"3086","5828",1,116,2
6019,"1042",NA,0.292,116,46
6020,"3085","1729",1,116,15
6021,"5514","5321",0.999,118,41
6022,NA,"5321",0.926,116,86
6023,"5613","5779",1,118,41.1
6024,"1864","5333",0.993,118,126
6025,"5525","5513",0.998,118,33
6026,"5530","3089",1,118,55
6027,"1824","5679",1,118,26.5
6028,"5284","1762",1,118,9
6029,"5524","4860",1,118,129
6030,"5212","5333",1,118,77.1
6031,"5596","5249",0.857,118,85
6032,NA,"4872",0.975,118,62
6033,"5902","5523",0.999,118,43
6034,"5511","2974",1,118,121
6035,"6021","5321",0.762,122,41
6036,"3596","5249",1,118,85
6037,"3595","5292",1,122,60.1
6038,"5536","5837",0.998,122,134
6039,"1580","3643",1,122,76
6041,"3567","5285",0.994,122,56
6042,"4861","5000",1,122,103.1
6043,"5640","5321",1,122,41
6044,"4896","5639",1,122,33.1
6045,"5635","5462",1,122,133
6046,"5635","5595",0.993,122,133
6047,"1605","5837",1,122,5
6048,"1678","5291",1,118,88
6049,"5625","2991",1,122,78
6050,"3595","5292",1,122,60.1
6051,"5277","4933",1,122,87.1
6052,"1826","3456",1,122,6
6061,"5630","2966",1,118,18
6062,"3002","5456",1,122,92.1
6063,"4965","5643",1,124,87
6064,"3606","5547",1,124,68
6065,"3462","5590",0.996,122,29
6066,"3699","1881",0.994,118,112
6067,"5766","4890",0.997,122,28.1
6068,NA,"5612",0.874,118,47.2
6069,"3518","1869",0.983,122,69
6070,"5518","2974",1,122,92
6136,"3085","3456",0.93,124,15
6137,"5635","5620",1,124,133
6138,"5589","5559",1,122,53.1
6139,"5766","4890",0.998,124,28.1
6140,"5625","5820",0.981,124,78
6141,"1826","5780",1,124,6
6142,"5604","1607",1,124,8
6143,"5657","5775",1,124,10
6144,"5465","5513",0.993,124,32
6145,"5514","6019",1,124,41
6146,"5652","1533",1,124,81
6147,"1707","5822",1,124,131
6148,"5575","6018",1,124,51.2
6149,"1852","4890",0.997,124,20
6150,"6028","3456",1,124,126
6151,"4958","1710",1,124,52.1
6152,"4958","5626",0.999,124,52.1
6153,"5611","5508",1,124,32.5
6154,"5514","5321",1,124,41
6155,"5683","5837",1,124,127
6156,"5657","5775",1,124,10
6157,"5598","5077",1,122,77
6158,"5598","5077",0.999,124,77
6159,"5212","3643",1,124,77.1
6160,"5833","5595",0.998,124,26
6161,"4896","1881",1,124,33.1
6162,"5543","5508",0.999,124,50
6163,"4896","5639",1,122,33.1
6164,"5517","2960",1,124,1.1
6165,"6066","1750",1,124,1
6166,"5452","6029",1,124,50.1
6167,"5596","4872",0.997,124,85
6168,"5608","4872",1,124,64
6169,"5128","5118",1,124,69
6170,"5838","5626",0.999,124,122
6171,"1824","5624",1,124,27.1
6172,"5769","5559",0.908,124,26.5
6173,"5173","5904",1,124,88
6174,"5634","4957",1,124,108
6175,"4904","5283",1,124,59.1
6176,"4965","5643",1,124,87
6177,"5524","4860",1,124,129
6178,"1857","3087",1,124,22
6179,"5845","5292",1,122,63
6180,"3567","5822",1,124,56
6181,"5162","5077",1,122,117
6182,"1717","3486",1,124,62
6183,"3574","5650",1,124,93
6184,"5518","5456",1,124,92
6185,"5518","5528",1,124,92
6186,"4861","5583",1,124,103.1
6187,"5282","5462",1,124,7
6188,"6022","5522",1,124,86
6189,"3497","5835",1,124,24
6190,"5842","5333",1,124,111
6191,"6048","4957",1,125,42
6192,"6063","5643",0.664,125,87
6193,"1826","5780",1,125,6
6194,"5536","1750",0.928,124,2
6195,"5132","5498",1,125,104
6196,"5537","5626",1,124,54
6197,"5195","5764",1,125,47
6198,"4958","5626",1,125,52.1
6199,"5838","5820",1,125,122
6200,"5596","5292",0.998,125,85
6201,"5549","5612",1,124,130
6202,"5613","5522",0.988,125,41.1
6203,"3491","5291",1,125,45
6204,"5641","5776",1,125,39
6205,"3085","6047",0.999,125,15
6206,"6061","5547",0.998,125,68
6207,"5545","5638",1,125,120
6208,"4917","5847",1,125,50
6209,"5630","2966",1,125,18
6210,"5630","2966",1,125,18
6211,"5683","5620",1,125,127
6212,"5564","4892",1,122,116
6213,"5901","5776",1,125,46
6214,"5641","5612",0.996,125,39
6215,"3086","2966",1,125,2
6216,"5514","5522",1,125,41
6217,"5843","5588",1,125,22
6218,"5851","1533",1,125,67
6219,"5212","5559",1,125,77.1
6220,"5128","5606",1,125,69
6221,"5597","5602",1,125,53
6222,"5530","6026",0.826,124,55
6223,"3595","6012",0.987,125,60.1
6224,"5597","5602",0.999,125,53
6225,"5641","6019",0.999,125,39
6226,NA,"1829",0.906,122,83
6227,"5173","6014",1,125,88
6228,"5277","5522",0.958,124,87.1
6229,"6066","1750",1,125,1
6230,"5750","5847",1,125,23
6231,"5525","5834",0.699,125,33
6233,"3608","5834",1,125,34.5
6239,"1716","6012",0.922,125,49
6240,"5543","6033",0.999,125,50
6245,"5277","5291",0.972,125,87.1
6249,"5217","5000",1,125,103.1
6261,"5901","5776",1,125,46
6267,"1707","5626",0.637,125,131
6268,"5766","4890",0.989,125,28.1
6272,"6028","3456",0.961,125,126
6273,"5625","5626",0.984,125,78
6274,"5749","5639",0.998,125,84
6276,"5635","5462",1,125,133
6279,"5657","1762",1,125,10
6281,"5630","2966",1,125,18
6282,"5769","5679",1,125,26.5
6283,"4896","5764",1,125,33.1
6284,"5575","5820",1,125,51.2
6294,"5625","5820",0.999,125,78
6297,"5842","5333",0.982,139,111
6300,"5634","4957",1,139,108
6306,"5277","6051",0.974,139,87.1
6307,"5549","5523",0.999,139,130
6309,"5337","6033",1,125,47.1
6310,"5319","5612",1,139,46
6311,"5128","3486",1,125,69
6312,NA,NA,0.583,124,101.1
6313,"6022","5643",0.981,125,86
6314,"5833","5559",1,124,26
6315,"5530","5822",0.999,125,55
6369,"3451","5638",1,142,94
6371,"5640","5522",1,142,41
6372,"5613","5522",0.999,139,41.1
6374,"5524","4860",1,142,129
6376,"6044","5822",1,142,57.1
6378,"5838","5820",1,142,122
6380,"6061","5547",1,142,68
6381,"6061","5547",1,142,68
6382,"3094","5855",1,139,37
6383,"5845","5292",1,139,63
6384,"5212","5333",1,139,77.1
6385,"6034","5853",1,139,1.2
6386,"5845","5077",0.976,139,63
6387,"5652","3486",1,139,81
6388,"5517","2960",0.993,142,1.1
6546,"5575","5820",1,142,51.2
6547,"6373","3087",1,142,21
6548,"5543","6136",1,142,50
6549,"3085","6045",1,142,15
6550,"5524","4860",1,142,129
6551,"5589","5559",1,142,53.1
6552,"5613","5522",0.945,142,41.1
6553,"6182","5283",1,142,59.1
6554,"5854","5822",1,142,56
6555,"5630","2966",0.997,142,18
6556,"5851","3089",0.998,142,67
6557,"6159","5679",1,142,26.5
6558,"5749","5639",1,142,84
6559,"5823","5839",0.999,144,25.1
6560,"5634","6379",1,142,108
6561,"5549","6019",1,144,130
6562,"5212","6219",0.961,142,77.1
6563,"5630","2966",1,144,18
6564,"5537","4947",1,142,54
6565,"6009","1869",1,139,101
6566,"5132","5456",1,139,104
6567,"NA","5498",0.63,142,108
6568,"6217","6024",1,142,27.1
6569,"5597","5283",1,142,53
6570,"3094","5834",1,142,37
6571,"6229","6155",1,142,8
6572,"5640","5522",1,142,41
6573,"5173","5904",1,142,88
6574,"6211","6011",1,142,30.2
6575,"5657","1762",0.937,142,10
6644,"6194","5855",0.999,142,34.5
6645,"6373","3087",1,144,21
6646,"6034","2966",0.999,142,1.2
6647,"5465","6017",1,142,32
6648,"NA","5498",0.998,142,101.1
6649,"5511","2974",1,142,121
6650,"5909","5820",1,144,78
6651,"6036","5639",1,142,35.1
6652,"5621","5462",1,142,7
6653,"5641","6019",0.998,142,39
6654,"5901","6019",1,159,46
6655,"4896","6213",1,144,33.1
6656,"6214","5291",1,144,45
6657,"5075","5583",0.999,144,102
6658,"5621","6156",1,144,7
6659,"6181","4872",1,142,64
6660,"6036","6163",1,142,35.1
6661,"5854","5822",1,159,56
6662,"5838","5820",1,159,122
6663,"5845","6167",1,159,63
6664,"6168","6146",1,159,139
6665,"4958","6018",0.999,159,52.1
6666,"5854","5822",1,159,56
6667,"3086","5829",1,144,2
6668,"5517","5837",1,159,1.1
6669,"5518","6050",1,142,92
6670,"3596","6200",0.441,142,85
6671,"6145","5588",1,159,30
6672,"5511","2974",1,144,121
6673,"6028","3456",1,142,126
6674,"3698","4872",0.988,159,82.1
6675,"5543","5588",1,159,50
6676,"5452","6029",1,159,50.1
6677,"6191","5855",0.998,159,47.1
6678,"5009","5639",0.995,159,136
6688,"5851","3486",1,159,67
6689,"4958","5626",1,144,52.1
6690,"6022","5779",1,159,86
6691,"3094","5855",1,159,37
6692,"6139","6018",1,159,51.2
6693,"5635","3456",1,159,133
6694,"6143","3089",1,159,58
6695,"6274","NA",0.596,159,33.1
6696,"6009","6249",1,159,101
6697,"6229","6155",0.871,159,8
6698,"6028","3456",1,159,126
6699,"5173","5904",0.75,161,88
6700,"5635","6193",1,159,133
6701,"5683","6375",1,159,127
6702,"6229","6155",1,159,8
6703,"6138","5513",1,159,33
6704,"5634","6567",1,159,108
6705,"6036","6163",1,159,35.1
6706,"5749","5639",0.998,159,84
6707,"6199","6011",0.999,159,11
6708,"6214","5291",1,159,45
6709,"5537","5602",0.999,159,54
6710,"1707","5820",1,159,78
6727,"3462","5590",1,159,29
6728,"5630","2966",0.998,159,18
6729,"5833","5679",0.994,159,26
6730,"5465","6370",0.927,164,32
6731,"6139","6018",0.999,161,51.2
6732,"6162","4860",1,161,50
6733,"6028","5829",1,164,126
6734,"5452","6029",1,164,50.1
6735,"5545","6050",0.988,159,120
6736,"5075","5583",1,161,102
6737,"1826","5624",1,159,6
6738,"6068","5826",1,164,47.2
6739,"5838","6294",1,164,122
6740,"6214","5291",1,159,45
6741,"6139","6018",1,164,51.2
6742,"6727","5590",0.876,164,29
6743,"5683","6375",0.999,164,127
6744,"5162","6167",0.999,159,117
6745,"6215","6144",1,164,1
6746,"5833","5559",0.987,164,26
6747,"4965","5643",1,161,87
6748,"5635","6193",1,164,133
6749,"5589","5559",1,164,53.2
6750,"6554","5779",1,164,41.1
6751,"5634","5904",1,164,108
6752,"5641","5776",1,161,39
6753,"6048","5776",1,164,42
6754,"3595","5292",1,164,60.1
6755,"6551","5292",1,164,140
6756,"5749","5639",1,164,84
6757,"6214","5291",1,164,45
6758,"6656","6761",1,164,77.2
6759,"6185","3486",0.999,164,66
6760,"6068","5826",1,159,47.2
6761,"5825","6172",1,159,111
6762,"6145","5588",1,159,30
6763,"6272","6221",1,164,55.1
6764,"5640","6572",0.999,164,41
6765,"6009","5547",1,164,101
6766,"6652","6166",1,164,49
6767,"6378","5822",1,164,56
6768,"6378","5822",1,164,56
6769,"5549","5612",1,164,130
6770,"5511","6565",1,164,121
6771,"6161","6163",1,164,35.1
6772,"5319","6163",1,164,46
6773,"6186","2974",0.999,161,77
6774,"6377","6651",1,164,92
6775,"6211","6231",1,164,30.2
6776,"6036","6163",0.994,164,35.1
6777,"6034","2966",0.997,164,1.2
6778,"6061","5547",1,164,68
6779,"5644","5904",1,164,87.1
6780,"5845","6200",1,164,63
6781,"6657","6651",1,164,104
6782,"5634","5904",1,164,108
6783,"6044","3089",1,161,57.1
6784,"5634","5904",1,164,108
6785,"5545","6565",1,161,120
6786,"6169","6170",1,164,94.2
6787,"4965","6313",1,164,87
6788,"5823","5839",0.992,161,25.1
6831,"5621","6171",1,164,123
6832,"6568","5523",1,164,43
6833,"6034","5590",1,166,1.2
6834,"6670","5821",1,164,112
6835,"5543","6570",1,166,50
6836,"5823","6556",1,164,25.1
6837,"5075","5583",1,166,102
6838,"6143","3089",1,164,58
6839,"6159","6559",1,164,26.5
6840,"6186","6384",0.999,166,77.2
6841,"6186","6384",1,164,77
6842,"5901","6307",0.992,164,46
6843,"NA","NA",0.427,164,64
6844,"6647","3486",1,164,81
6845,"6064","5626",1,166,137
6846,"5524","6314",0.986,161,129
6847,"3094","5855",0.989,164,37
6848,"5901","6019",1,164,46
6849,"4861","5583",1,164,103.1
6850,"5621","6171",0.922,161,123
6851,"6195","6689",0.991,166,73
6852,"5843","6230",1,164,22
6853,"6022","5291",0.947,164,86
6854,"6139","6018",1,166,51.2
6855,"6161","6163",1,166,35.1
6856,"6187","6213",1,166,46.1
6857,"6215","6144",1,166,1
6859,"6690","6385",1,166,1.1
6860,"6233","5639",1,166,116
6861,"6188","6574",1,166,86.1
6862,"4965","6313",1,164,87
6864,"6673","6193",1,164,15
6866,"6849","6170",0.859,166,103.1
6867,"4861","5583",0.5,166,103.1
6868,"6185","6710",1,166,66
6869,"6044","3089",1,166,57.1
6870,"6028","3456",1,166,126
6871,"5128","6146",1,166,69
6872,"6160","5679",1,164,20
6873,"6191","6163",0.992,164,47.1
6874,"6022","6708",1,166,86
6875,"6174","5291",0.998,164,110
6876,"6737","5821",1,166,39
6881,"4958","5626",1,166,52.1
6884,"6138","6570",1,164,33
6887,"6272","6221",1,164,55.1
6888,"6036","6163",1,164,35.1
6889,"5846","6231",1,166,32
6892,"6568","5523",1,166,43
6894,"6700","6645",1,166,7
6895,"5657","1762",1,164,10
6897,"5851","6032",1,166,67
6900,"5657","6155",0.987,166,10
6902,"5545","6689",0.955,166,120
6904,"1826","5624",1,166,6
6906,"5630","2966",0.989,166,18
6908,"6377","6651",1,166,92
6909,"6659","6701",0.999,166,5
6917,"NA","NA",0.543,164,112
6925,"6551","6167",0.999,166,140
6370,"5525","6017",0.999,125,33
6373,"5450","6017",0.61,139,35
6375,"5549","5776",1,139,130
6377,"5521","5118",1,125,65
6379,"3698","1489",1,125,82.1
